,year,scenario,region,conc
0,2050,ref,China,27.637378692626953
1,2050,ref,BTH,25.91795539855957
2,2050,ref,FW,25.91795539855957
3,2050,ref,YRD,25.91795539855957
